id,name,birthdate,mobileno,phoneno
1,Person_1,1960-01-01,0975682867,027867100
2,Person_2,1960-01-15,0966755036,026275034
3,Person_3,1960-01-30,0966882282,028553974
4,Person_4,1960-02-14,0931081788,027097091
5,Person_5,1960-02-29,0923315092,024177993
6,Person_6,1960-03-15,0945788921,028705092
7,Person_7,1960-03-30,0936735830,028583354
8,Person_8,1960-04-14,0941632483,024131209
9,Person_9,1960-04-29,0986737383,026813365
10,Person_10,1960-05-14,0998358551,025057893
11,Person_11,1960-05-29,0998409749,026691276
12,Person_12,1960-06-13,0914981505,026397662
13,Person_13,1960-06-28,0923953367,022805468
14,Person_14,1960-07-13,0995652971,024427975
15,Person_15,1960-07-28,0914521373,027356228
16,Person_16,1960-08-12,0913344769,029514716
17,Person_17,1960-08-27,0986893497,026525633
18,Person_18,1960-09-11,0940349564,023080154
19,Person_19,1960-09-26,0952860080,023244702
20,Person_20,1960-10-11,0987751354,024377778
21,Person_21,1960-10-26,0972250665,026735193
22,Person_22,1960-11-10,0976209791,028726890
23,Person_23,1960-11-25,0956792155,026897498
24,Person_24,1960-12-10,0931498555,029357956
25,Person_25,1960-12-25,0970221198,029204298
26,Person_26,1961-01-09,0989757501,029776957
27,Person_27,1961-01-24,0926861870,026843493
28,Person_28,1961-02-08,0962286002,024386501
29,Person_29,1961-02-23,0942049003,028395350
30,Person_30,1961-03-10,0971136438,025588334
31,Person_31,1961-03-25,0972194931,029464685
32,Person_32,1961-04-09,0975285250,028168362
33,Person_33,1961-04-24,0979537252,025327819
34,Person_34,1961-05-09,0969248434,028284953
35,Person_35,1961-05-24,0971306900,022255564
36,Person_36,1961-06-08,0965831368,029514493
37,Person_37,1961-06-23,0920959014,029930264
38,Person_38,1961-07-08,0966972561,025424507
39,Person_39,1961-07-23,0958900483,023792427
40,Person_40,1961-08-07,0930193880,024357679
41,Person_41,1961-08-22,0913385357,026748035
42,Person_42,1961-09-06,0954738553,025390020
43,Person_43,1961-09-21,0978574553,023681719
44,Person_44,1961-10-06,0926845364,021890695
45,Person_45,1961-10-21,0962157313,021838761
46,Person_46,1961-11-05,0921392366,028367664
47,Person_47,1961-11-20,0979778859,029888923
48,Person_48,1961-12-05,0998883975,026352825
49,Person_49,1961-12-20,0923479854,029887324
50,Person_50,1962-01-04,0983506850,024321127
51,Person_51,1962-01-19,0923187277,023559272
52,Person_52,1962-02-03,0978979792,023276106
53,Person_53,1962-02-18,0947709731,027960534
54,Person_54,1962-03-05,0936939239,028374592
55,Person_55,1962-03-20,0933027075,027575716
56,Person_56,1962-04-04,0991200125,023002324
57,Person_57,1962-04-19,0996191493,027262105
58,Person_58,1962-05-04,0997796277,027671318
59,Person_59,1962-05-19,0976401385,021494592
60,Person_60,1962-06-03,0932335235,024578226
61,Person_61,1962-06-18,0910271836,027149031
62,Person_62,1962-07-03,0913584702,023427540
63,Person_63,1962-07-18,0962631083,022715630
64,Person_64,1962-08-02,0918585377,021318408
65,Person_65,1962-08-17,0996544585,029856884
66,Person_66,1962-09-01,0995157821,029900019
67,Person_67,1962-09-16,0997655395,024117172
68,Person_68,1962-10-01,0927824013,027304680
69,Person_69,1962-10-16,0946601694,025235042
70,Person_70,1962-10-31,0977105583,022898739
71,Person_71,1962-11-15,0970304654,022017433
72,Person_72,1962-11-30,0944119117,029104010
73,Person_73,1962-12-15,0946433622,025661029
74,Person_74,1962-12-30,0999482491,024678086
75,Person_75,1963-01-14,0970031992,022581530
76,Person_76,1963-01-29,0965105831,023087258
77,Person_77,1963-02-13,0913366612,025856447
78,Person_78,1963-02-28,0968743503,029369066
79,Person_79,1963-03-15,0946258670,027857658
80,Person_80,1963-03-30,0979739572,021996530
81,Person_81,1963-04-14,0965848857,023601623
82,Person_82,1963-04-29,0967055419,027231219
83,Person_83,1963-05-14,0959160571,025108997
84,Person_84,1963-05-29,0978394024,024364695
85,Person_85,1963-06-13,0974525468,022045482
86,Person_86,1963-06-28,0999966606,026786265
87,Person_87,1963-07-13,0948727468,026908635
88,Person_88,1963-07-28,0961757120,028487345
89,Person_89,1963-08-12,0977157848,021570451
90,Person_90,1963-08-27,0987897542,029408424
91,Person_91,1963-09-11,0983665032,021967344
92,Person_92,1963-09-26,0995390464,023412149
93,Person_93,1963-10-11,0958170987,026398869
94,Person_94,1963-10-26,0962562567,024352252
95,Person_95,1963-11-10,0933717335,024732839
96,Person_96,1963-11-25,0970472382,028022336
97,Person_97,1963-12-10,0922719242,026768927
98,Person_98,1963-12-25,0958715250,023878604
99,Person_99,1964-01-09,0993139152,025327858
100,Person_100,1964-01-24,0954054178,028433533
101,Person_101,1964-02-07,0948334882,029652831
102,Person_102,1964-02-22,0962441466,026984684
103,Person_103,1964-03-08,0959583876,023694287
104,Person_104,1964-03-23,0996117865,027511634
105,Person_105,1964-04-07,0973203558,025621056
106,Person_106,1964-04-22,0947407771,029976973
107,Person_107,1964-05-07,0993122310,021703662
108,Person_108,1964-05-22,0937009224,022305585
109,Person_109,1964-06-06,0961327755,025092097
110,Person_110,1964-06-21,0989018913,023659440
111,Person_111,1964-07-06,0917130144,024943645
112,Person_112,1964-07-21,0914545583,025495013
113,Person_113,1964-08-05,0964079037,027094467
114,Person_114,1964-08-20,0964474455,026517366
115,Person_115,1964-09-04,0951542436,024448678
116,Person_116,1964-09-19,0956626914,026211593
117,Person_117,1964-10-04,0963933927,029370262
118,Person_118,1964-10-19,0962453338,025846769
119,Person_119,1964-11-03,0924881728,028449607
120,Person_120,1964-11-18,0944045666,025043064
121,Person_121,1964-12-03,0922722094,023602967
122,Person_122,1964-12-18,0932178434,024438550
123,Person_123,1965-01-02,0956321408,021076218
124,Person_124,1965-01-17,0922796932,027878974
125,Person_125,1965-02-01,0984023414,021770044
126,Person_126,1965-02-16,0936063245,026579079
127,Person_127,1965-03-03,0949443226,024185714
128,Person_128,1965-03-18,0983619289,022728096
129,Person_129,1965-04-02,0917887739,029736347
130,Person_130,1965-04-17,0970736972,029860935
131,Person_131,1965-05-02,0971071026,028667105
132,Person_132,1965-05-17,0910769598,023694946
133,Person_133,1965-06-01,0999178975,025229215
134,Person_134,1965-06-16,0959007334,022922135
135,Person_135,1965-07-01,0938433648,028021855
136,Person_136,1965-07-16,0917971379,021978039
137,Person_137,1965-07-31,0913331068,029997354
138,Person_138,1965-08-15,0946810847,028352207
139,Person_139,1965-08-30,0944428803,021499876
140,Person_140,1965-09-14,0915654237,022962165
141,Person_141,1965-09-29,0971553124,028985620
142,Person_142,1965-10-14,0955816038,021611213
143,Person_143,1965-10-29,0927750764,021768734
144,Person_144,1965-11-13,0946898446,028750575
145,Person_145,1965-11-28,0933841962,025241361
146,Person_146,1965-12-13,0976834972,026511174
147,Person_147,1965-12-28,0953156515,022839433
148,Person_148,1966-01-12,0932993420,027569632
149,Person_149,1966-01-27,0972190751,024672214
150,Person_150,1966-02-11,0931970758,023026580
151,Person_151,1966-02-26,0946513466,028229039
152,Person_152,1966-03-13,0941288562,028507324
153,Person_153,1966-03-28,0931351509,027202258
154,Person_154,1966-04-12,0933484187,025339235
155,Person_155,1966-04-27,0971777469,024526737
156,Person_156,1966-05-12,0946093880,029790529
157,Person_157,1966-05-27,0960441204,023008960
158,Person_158,1966-06-11,0991752859,025455214
159,Person_159,1966-06-26,0954066131,029476563
160,Person_160,1966-07-11,0985415325,027918889
161,Person_161,1966-07-26,0945563453,024816446
162,Person_162,1966-08-10,0944755914,024376513
163,Person_163,1966-08-25,0960873983,022937878
164,Person_164,1966-09-09,0963892568,027193956
165,Person_165,1966-09-24,0933637222,022705215
166,Person_166,1966-10-09,0912484413,026437149
167,Person_167,1966-10-24,0980016224,028271476
168,Person_168,1966-11-08,0949449976,027429611
169,Person_169,1966-11-23,0999583549,024266402
170,Person_170,1966-12-08,0912235000,029121849
171,Person_171,1966-12-23,0933685747,029104789
172,Person_172,1967-01-07,0947876684,025108880
173,Person_173,1967-01-22,0982931048,026499593
174,Person_174,1967-02-06,0939859174,025261946
175,Person_175,1967-02-21,0946102853,021090093
176,Person_176,1967-03-08,0956159303,022732465
177,Person_177,1967-03-23,0922195226,024173584
178,Person_178,1967-04-07,0957936136,023859244
179,Person_179,1967-04-22,0979062973,021886040
180,Person_180,1967-05-07,0924421668,021322918
181,Person_181,1967-05-22,0931200096,023245909
182,Person_182,1967-06-06,0993375337,021116739
183,Person_183,1967-06-21,0933234510,022014929
184,Person_184,1967-07-06,0961715898,023420564
185,Person_185,1967-07-21,0955968757,029577064
186,Person_186,1967-08-05,0910061087,023653093
187,Person_187,1967-08-20,0990705119,024303457
188,Person_188,1967-09-04,0976653416,026888997
189,Person_189,1967-09-19,0995382256,027944121
190,Person_190,1967-10-04,0920274621,027238795
191,Person_191,1967-10-19,0923022704,025767348
192,Person_192,1967-11-03,0926816569,021716756
193,Person_193,1967-11-18,0917654909,029439834
194,Person_194,1967-12-03,0947814054,027790968
195,Person_195,1967-12-18,0994302960,024751198
196,Person_196,1968-01-02,0925421040,028369434
197,Person_197,1968-01-17,0934210512,024138145
198,Person_198,1968-02-01,0982073914,022226476
199,Person_199,1968-02-16,0977922032,025184056
200,Person_200,1968-03-02,0943779713,029960820
201,Person_201,1968-03-16,0921506305,022500844
202,Person_202,1968-03-31,0930560091,024443609
203,Person_203,1968-04-15,0996881845,029752084
204,Person_204,1968-04-30,0917734102,022400283
205,Person_205,1968-05-15,0915674719,026927613
206,Person_206,1968-05-30,0918658144,021691757
207,Person_207,1968-06-14,0950163712,021390719
208,Person_208,1968-06-29,0999386386,027854453
209,Person_209,1968-07-14,0995447809,024337920
210,Person_210,1968-07-29,0998917675,024296050
211,Person_211,1968-08-13,0954165849,023118324
212,Person_212,1968-08-28,0982586911,027827299
213,Person_213,1968-09-12,0978227907,027247794
214,Person_214,1968-09-27,0988826934,028917596
215,Person_215,1968-10-12,0959905866,025902666
216,Person_216,1968-10-27,0991121402,021876031
217,Person_217,1968-11-11,0950657662,027232739
218,Person_218,1968-11-26,0916659908,022270896
219,Person_219,1968-12-11,0941378291,022059622
220,Person_220,1968-12-26,0973020641,025422375
221,Person_221,1969-01-10,0946634821,021378165
222,Person_222,1969-01-25,0929433354,025131479
223,Person_223,1969-02-09,0926887294,021415008
224,Person_224,1969-02-24,0983422991,022631993
225,Person_225,1969-03-11,0945562619,024351278
226,Person_226,1969-03-26,0945213498,023342035
227,Person_227,1969-04-10,0945703247,028978450
228,Person_228,1969-04-25,0950910172,026703394
229,Person_229,1969-05-10,0972744322,028240947
230,Person_230,1969-05-25,0967805563,023768362
231,Person_231,1969-06-09,0916404003,022170365
232,Person_232,1969-06-24,0981244178,026931161
233,Person_233,1969-07-09,0961939266,027790593
234,Person_234,1969-07-24,0943267858,025851188
235,Person_235,1969-08-08,0931114003,023721864
236,Person_236,1969-08-23,0996641503,024947208
237,Person_237,1969-09-07,0920421958,027984720
238,Person_238,1969-09-22,0987809459,028733308
239,Person_239,1969-10-07,0922984808,024875754
240,Person_240,1969-10-22,0924764960,023704999
241,Person_241,1969-11-06,0960402943,026298217
242,Person_242,1969-11-21,0986241446,022324070
243,Person_243,1969-12-06,0963777024,028364386
244,Person_244,1969-12-21,0993494666,026787749
245,Person_245,1970-01-05,0980721464,022661793
246,Person_246,1970-01-20,0994711896,027576651
247,Person_247,1970-02-04,0989214742,027867218
248,Person_248,1970-02-19,0953799966,028466027
249,Person_249,1970-03-06,0920047453,025987696
250,Person_250,1970-03-21,0945581225,021428988
251,Person_251,1970-04-05,0944109026,025084752
252,Person_252,1970-04-20,0952090758,025374857
253,Person_253,1970-05-05,0926037627,023977590
254,Person_254,1970-05-20,0990337039,028599600
255,Person_255,1970-06-04,0930281689,027610734
256,Person_256,1970-06-19,0967631343,024297291
257,Person_257,1970-07-04,0981450611,025894287
258,Person_258,1970-07-19,0956510960,028954647
259,Person_259,1970-08-03,0942797855,023490706
260,Person_260,1970-08-18,0944795514,028542535
261,Person_261,1970-09-02,0915184502,029047252
262,Person_262,1970-09-17,0933448674,026254224
263,Person_263,1970-10-02,0965223954,027215140
264,Person_264,1970-10-17,0940948143,024737973
265,Person_265,1970-11-01,0922503247,023202575
266,Person_266,1970-11-16,0964006163,027611653
267,Person_267,1970-12-01,0961910807,021464071
268,Person_268,1970-12-16,0964847136,025381137
269,Person_269,1970-12-31,0983150359,025912216
270,Person_270,1971-01-15,0940831219,028597626
271,Person_271,1971-01-30,0933101383,024498472
272,Person_272,1971-02-14,0927569187,029369689
273,Person_273,1971-03-01,0964710375,022564718
274,Person_274,1971-03-16,0964456147,026139743
275,Person_275,1971-03-31,0988110973,024813270
276,Person_276,1971-04-15,0949501026,025806425
277,Person_277,1971-04-30,0943163773,027609876
278,Person_278,1971-05-15,0921310552,023378837
279,Person_279,1971-05-30,0941146082,027123769
280,Person_280,1971-06-14,0931104792,022524102
281,Person_281,1971-06-29,0931739356,023383366
282,Person_282,1971-07-14,0921471761,023035848
283,Person_283,1971-07-29,0929576703,026122930
284,Person_284,1971-08-13,0985092305,029593223
285,Person_285,1971-08-28,0982429249,027691409
286,Person_286,1971-09-12,0928877237,021838003
287,Person_287,1971-09-27,0956918818,024433382
288,Person_288,1971-10-12,0933705256,029670178
289,Person_289,1971-10-27,0994504547,024395049
290,Person_290,1971-11-11,0987633091,021066150
291,Person_291,1971-11-26,0989452960,028951632
292,Person_292,1971-12-11,0965403796,028429645
293,Person_293,1971-12-26,0933508102,027081687
294,Person_294,1972-01-10,0919405634,029948331
295,Person_295,1972-01-25,0915853584,023547500
296,Person_296,1972-02-09,0934947744,025193060
297,Person_297,1972-02-24,0958491183,021134055
298,Person_298,1972-03-10,0947856186,022841648
299,Person_299,1972-03-25,0958673237,028132508
300,Person_300,1972-04-09,0975293686,027437845
301,Person_301,1972-04-23,0911983509,024828433
302,Person_302,1972-05-08,0928298917,023735264
303,Person_303,1972-05-23,0953563237,025448748
304,Person_304,1972-06-07,0987729132,028152747
305,Person_305,1972-06-22,0987275698,025137270
306,Person_306,1972-07-07,0983214389,025317922
307,Person_307,1972-07-22,0936365210,029847905
308,Person_308,1972-08-06,0968245345,028465373
309,Person_309,1972-08-21,0937180308,022020154
310,Person_310,1972-09-05,0921326237,029070924
311,Person_311,1972-09-20,0996343264,027843532
312,Person_312,1972-10-05,0971864219,025945169
313,Person_313,1972-10-20,0964434670,027733215
314,Person_314,1972-11-04,0997692768,029195810
315,Person_315,1972-11-19,0943255876,028904294
316,Person_316,1972-12-04,0959114107,028185197
317,Person_317,1972-12-19,0925900476,029171548
318,Person_318,1973-01-03,0950820227,027714301
319,Person_319,1973-01-18,0989688895,028969693
320,Person_320,1973-02-02,0997927856,022859582
321,Person_321,1973-02-17,0963059071,028744064
322,Person_322,1973-03-04,0999595920,023129885
323,Person_323,1973-03-19,0922707035,025720642
324,Person_324,1973-04-03,0915130397,021549239
325,Person_325,1973-04-18,0980560220,029945309
326,Person_326,1973-05-03,0946998516,026408753
327,Person_327,1973-05-18,0946481541,024047569
328,Person_328,1973-06-02,0976385640,021785332
329,Person_329,1973-06-17,0976880548,029555080
330,Person_330,1973-07-02,0988384476,021397710
331,Person_331,1973-07-17,0952058334,027503216
332,Person_332,1973-08-01,0959742523,025317048
333,Person_333,1973-08-16,0949769056,024188729
334,Person_334,1973-08-31,0965174259,025785956
335,Person_335,1973-09-15,0966688830,026105724
336,Person_336,1973-09-30,0953369428,026025764
337,Person_337,1973-10-15,0924650271,028996198
338,Person_338,1973-10-30,0941725526,021910775
339,Person_339,1973-11-14,0989348896,026954878
340,Person_340,1973-11-29,0928992383,026927997
341,Person_341,1973-12-14,0980995266,021558924
342,Person_342,1973-12-29,0966877183,024881185
343,Person_343,1974-01-13,0994574185,026004998
344,Person_344,1974-01-28,0911989173,026166650
345,Person_345,1974-02-12,0946635193,026693075
346,Person_346,1974-02-27,0942474983,029109916
347,Person_347,1974-03-14,0943999533,026193278
348,Person_348,1974-03-29,0924716695,021431413
349,Person_349,1974-04-13,0973967150,025165100
350,Person_350,1974-04-28,0973981206,021863561
351,Person_351,1974-05-13,0974785345,021302186
352,Person_352,1974-05-28,0927882750,024207393
353,Person_353,1974-06-12,0988725274,026489464
354,Person_354,1974-06-27,0970303849,028456985
355,Person_355,1974-07-12,0920192257,027767528
356,Person_356,1974-07-27,0953167705,022026553
357,Person_357,1974-08-11,0931130343,029533879
358,Person_358,1974-08-26,0950869792,024743797
359,Person_359,1974-09-10,0959913224,022514542
360,Person_360,1974-09-25,0974356138,027357718
361,Person_361,1974-10-10,0977607727,025180656
362,Person_362,1974-10-25,0963007836,029465506
363,Person_363,1974-11-09,0975541801,027846192
364,Person_364,1974-11-24,0968114585,029676924
365,Person_365,1974-12-09,0936658609,028347689
366,Person_366,1974-12-24,0986294551,022829553
367,Person_367,1975-01-08,0940024204,024041341
368,Person_368,1975-01-23,0992008891,022039504
369,Person_369,1975-02-07,0958715257,027666455
370,Person_370,1975-02-22,0932268806,028663589
371,Person_371,1975-03-09,0916512440,028918348
372,Person_372,1975-03-24,0922431395,025988023
373,Person_373,1975-04-08,0983208492,028635836
374,Person_374,1975-04-23,0939093907,028809006
375,Person_375,1975-05-08,0946253447,022675843
376,Person_376,1975-05-23,0972134783,029423309
377,Person_377,1975-06-07,0972460303,024229028
378,Person_378,1975-06-22,0993831437,028056993
379,Person_379,1975-07-07,0974447435,022721610
380,Person_380,1975-07-22,0959895282,023339767
381,Person_381,1975-08-06,0912503771,023614235
382,Person_382,1975-08-21,0980286689,021491036
383,Person_383,1975-09-05,0910996161,029715912
384,Person_384,1975-09-20,0914183839,027046914
385,Person_385,1975-10-05,0977775190,023710241
386,Person_386,1975-10-20,0977758014,022142953
387,Person_387,1975-11-04,0930153173,024961352
388,Person_388,1975-11-19,0977227698,024978702
389,Person_389,1975-12-04,0958939582,029168984
390,Person_390,1975-12-19,0966224957,021326916
391,Person_391,1976-01-03,0932725756,024597706
392,Person_392,1976-01-18,0981531065,025506554
393,Person_393,1976-02-02,0911079600,021605409
394,Person_394,1976-02-17,0936191539,027849486
395,Person_395,1976-03-03,0942576169,026050405
396,Person_396,1976-03-18,0953381573,029337735
397,Person_397,1976-04-02,0980612021,022725690
398,Person_398,1976-04-17,0935050090,024280772
399,Person_399,1976-05-02,0918849851,029197295
400,Person_400,1976-05-17,0970779108,026809041
401,Person_401,1976-05-31,0976009351,026087268
402,Person_402,1976-06-15,0995871668,027155579
403,Person_403,1976-06-30,0994890726,021403119
404,Person_404,1976-07-15,0997753580,029212420
405,Person_405,1976-07-30,0939549535,021402732
406,Person_406,1976-08-14,0910449395,021506079
407,Person_407,1976-08-29,0931921117,022950013
408,Person_408,1976-09-13,0950308782,022132658
409,Person_409,1976-09-28,0961592034,022985209
410,Person_410,1976-10-13,0963386038,025322626
411,Person_411,1976-10-28,0967351079,021656951
412,Person_412,1976-11-12,0941530803,029399911
413,Person_413,1976-11-27,0943266319,024479591
414,Person_414,1976-12-12,0940503180,026203916
415,Person_415,1976-12-27,0913379569,027026988
416,Person_416,1977-01-11,0980009467,028426263
417,Person_417,1977-01-26,0954910237,023366610
418,Person_418,1977-02-10,0952165906,025180303
419,Person_419,1977-02-25,0969855504,025684346
420,Person_420,1977-03-12,0999473854,021458298
421,Person_421,1977-03-27,0916319707,022047343
422,Person_422,1977-04-11,0978532150,026719720
423,Person_423,1977-04-26,0913695961,029493836
424,Person_424,1977-05-11,0988911293,025620650
425,Person_425,1977-05-26,0946396424,022755692
426,Person_426,1977-06-10,0914294539,022730228
427,Person_427,1977-06-25,0921609076,022946793
428,Person_428,1977-07-10,0983204793,022569123
429,Person_429,1977-07-25,0948498937,027115518
430,Person_430,1977-08-09,0910803328,028393979
431,Person_431,1977-08-24,0930840174,029437482
432,Person_432,1977-09-08,0911043233,022622572
433,Person_433,1977-09-23,0987209213,024220281
434,Person_434,1977-10-08,0910529525,023689784
435,Person_435,1977-10-23,0926953831,029175602
436,Person_436,1977-11-07,0966996736,021709662
437,Person_437,1977-11-22,0984583311,027863382
438,Person_438,1977-12-07,0981709884,026321129
439,Person_439,1977-12-22,0992235366,029859060
440,Person_440,1978-01-06,0913699391,026672605
441,Person_441,1978-01-21,0987183765,023592670
442,Person_442,1978-02-05,0958487260,025810833
443,Person_443,1978-02-20,0967338102,027703459
444,Person_444,1978-03-07,0980721474,027417665
445,Person_445,1978-03-22,0925192217,021442061
446,Person_446,1978-04-06,0962496015,024761675
447,Person_447,1978-04-21,0920292658,028415745
448,Person_448,1978-05-06,0943698788,029082655
449,Person_449,1978-05-21,0971819576,029877580
450,Person_450,1978-06-05,0973362116,024081328
451,Person_451,1978-06-20,0911748014,026371112
452,Person_452,1978-07-05,0950711152,029551646
453,Person_453,1978-07-20,0960296557,028281505
454,Person_454,1978-08-04,0956216125,026124795
455,Person_455,1978-08-19,0979397491,026411263
456,Person_456,1978-09-03,0991949124,024963735
457,Person_457,1978-09-18,0933295179,027493509
458,Person_458,1978-10-03,0983706383,029989138
459,Person_459,1978-10-18,0927541337,029824031
460,Person_460,1978-11-02,0967399769,022192929
461,Person_461,1978-11-17,0930279846,029711998
462,Person_462,1978-12-02,0920970723,027555035
463,Person_463,1978-12-17,0982807712,025068316
464,Person_464,1979-01-01,0982193785,029067987
465,Person_465,1979-01-16,0960018037,022656671
466,Person_466,1979-01-31,0953351876,026681635
467,Person_467,1979-02-15,0960166883,027145265
468,Person_468,1979-03-02,0970361505,029527171
469,Person_469,1979-03-17,0956787763,021783066
470,Person_470,1979-04-01,0975732489,025899856
471,Person_471,1979-04-16,0913693305,027240779
472,Person_472,1979-05-01,0923470137,025055957
473,Person_473,1979-05-16,0914466271,027617488
474,Person_474,1979-05-31,0964717184,021597897
475,Person_475,1979-06-15,0944907127,024941237
476,Person_476,1979-06-30,0920495300,023042999
477,Person_477,1979-07-15,0938709379,024659985
478,Person_478,1979-07-30,0944654999,022902897
479,Person_479,1979-08-14,0937451727,029019213
480,Person_480,1979-08-29,0984815222,024576511
481,Person_481,1979-09-13,0938997889,022163950
482,Person_482,1979-09-28,0958978079,021549148
483,Person_483,1979-10-13,0921726298,023773707
484,Person_484,1979-10-28,0994607827,026068002
485,Person_485,1979-11-12,0965723671,023773939
486,Person_486,1979-11-27,0999843595,022935740
487,Person_487,1979-12-12,0966564401,024434955
488,Person_488,1979-12-27,0956673570,025936710
489,Person_489,1980-01-11,0988547323,026155872
490,Person_490,1980-01-26,0925033888,024177326
491,Person_491,1980-02-10,0999132960,022554510
492,Person_492,1980-02-25,0971704882,024763122
493,Person_493,1980-03-11,0944958762,025421590
494,Person_494,1980-03-26,0927028708,023534937
495,Person_495,1980-04-10,0914035851,021812461
496,Person_496,1980-04-25,0957685442,025427036
497,Person_497,1980-05-10,0944045504,022718224
498,Person_498,1980-05-25,0992396202,023710626
499,Person_499,1980-06-09,0945610155,028906166
500,Person_500,1980-06-24,0939469068,028310108
501,Person_501,1980-07-08,0940185054,027440010
502,Person_502,1980-07-23,0919702701,029674163
503,Person_503,1980-08-07,0988262145,021444191
504,Person_504,1980-08-22,0943127676,022502337
505,Person_505,1980-09-06,0912976242,024486669
506,Person_506,1980-09-21,0947317456,024722946
507,Person_507,1980-10-06,0937812615,028064400
508,Person_508,1980-10-21,0954653148,021224695
509,Person_509,1980-11-05,0914833177,024441628
510,Person_510,1980-11-20,0918454561,028552975
511,Person_511,1980-12-05,0955932658,029123236
512,Person_512,1980-12-20,0912597480,028761850
513,Person_513,1981-01-04,0933151417,024340216
514,Person_514,1981-01-19,0949673332,024833284
515,Person_515,1981-02-03,0929699313,022847865
516,Person_516,1981-02-18,0926934380,028586725
517,Person_517,1981-03-05,0920617244,025897954
518,Person_518,1981-03-20,0944086263,025017136
519,Person_519,1981-04-04,0980098339,021344855
520,Person_520,1981-04-19,0960234072,026750283
521,Person_521,1981-05-04,0913369720,022074961
522,Person_522,1981-05-19,0981819939,025625678
523,Person_523,1981-06-03,0983963364,023377935
524,Person_524,1981-06-18,0912640328,022134106
525,Person_525,1981-07-03,0935856919,029296877
526,Person_526,1981-07-18,0967658082,023474968
527,Person_527,1981-08-02,0965395426,027166160
528,Person_528,1981-08-17,0937348975,026672540
529,Person_529,1981-09-01,0921552291,026644807
530,Person_530,1981-09-16,0910070640,026972558
531,Person_531,1981-10-01,0987498463,023442266
532,Person_532,1981-10-16,0972976036,025437677
533,Person_533,1981-10-31,0995241611,026241218
534,Person_534,1981-11-15,0913741196,026150635
535,Person_535,1981-11-30,0929511512,026481140
536,Person_536,1981-12-15,0993692386,028214615
537,Person_537,1981-12-30,0950260456,029010643
538,Person_538,1982-01-14,0921720477,025981262
539,Person_539,1982-01-29,0923217648,025525208
540,Person_540,1982-02-13,0932558781,026290717
541,Person_541,1982-02-28,0969946863,021518349
542,Person_542,1982-03-15,0972784216,023881990
543,Person_543,1982-03-30,0942425301,021797968
544,Person_544,1982-04-14,0980373772,028892861
545,Person_545,1982-04-29,0998146618,029467691
546,Person_546,1982-05-14,0936778642,027211411
547,Person_547,1982-05-29,0970995760,023655971
548,Person_548,1982-06-13,0956547339,026609125
549,Person_549,1982-06-28,0924573458,023874299
550,Person_550,1982-07-13,0957911176,028339838
551,Person_551,1982-07-28,0939264326,028330292
552,Person_552,1982-08-12,0992896667,022804673
553,Person_553,1982-08-27,0963953229,023938199
554,Person_554,1982-09-11,0998132318,028594378
555,Person_555,1982-09-26,0966294783,029998604
556,Person_556,1982-10-11,0969145779,025909776
557,Person_557,1982-10-26,0956977874,024303389
558,Person_558,1982-11-10,0939365614,029025407
559,Person_559,1982-11-25,0999268367,025354385
560,Person_560,1982-12-10,0957010676,029777198
561,Person_561,1982-12-25,0961371106,024151882
562,Person_562,1983-01-09,0947327243,024210016
563,Person_563,1983-01-24,0979426200,027737320
564,Person_564,1983-02-08,0979872506,023389383
565,Person_565,1983-02-23,0920198499,027996746
566,Person_566,1983-03-10,0947342772,021164053
567,Person_567,1983-03-25,0954362902,026973544
568,Person_568,1983-04-09,0910197775,026282379
569,Person_569,1983-04-24,0945940920,023542637
570,Person_570,1983-05-09,0994673574,029033951
571,Person_571,1983-05-24,0933614649,029107317
572,Person_572,1983-06-08,0988507230,025158549
573,Person_573,1983-06-23,0927310852,025530889
574,Person_574,1983-07-08,0988535842,029411039
575,Person_575,1983-07-23,0964564054,029962049
576,Person_576,1983-08-07,0972989020,029284960
577,Person_577,1983-08-22,0940773482,023049949
578,Person_578,1983-09-06,0988733130,029388512
579,Person_579,1983-09-21,0987273675,022268300
580,Person_580,1983-10-06,0912276360,022947763
581,Person_581,1983-10-21,0959437769,028654502
582,Person_582,1983-11-05,0941665404,024882149
583,Person_583,1983-11-20,0995218477,025873062
584,Person_584,1983-12-05,0967849484,028045209
585,Person_585,1983-12-20,0926434343,029439469
586,Person_586,1984-01-04,0954079273,028678073
587,Person_587,1984-01-19,0950201137,025845710
588,Person_588,1984-02-03,0982571674,025000737
589,Person_589,1984-02-18,0990497273,028258746
590,Person_590,1984-03-04,0990954884,022443717
591,Person_591,1984-03-19,0967235484,025409352
592,Person_592,1984-04-03,0972182821,026111142
593,Person_593,1984-04-18,0986835154,029421928
594,Person_594,1984-05-03,0990768647,029715633
595,Person_595,1984-05-18,0993273068,027906571
596,Person_596,1984-06-02,0933020885,029752967
597,Person_597,1984-06-17,0911286643,022308507
598,Person_598,1984-07-02,0987031056,025066621
599,Person_599,1984-07-17,0951869822,021100734
600,Person_600,1984-08-01,0916200646,029546310
601,Person_601,1984-08-15,0984092760,023851274
602,Person_602,1984-08-30,0924509187,022225811
603,Person_603,1984-09-14,0937780899,024081091
604,Person_604,1984-09-29,0915409861,024829049
605,Person_605,1984-10-14,0998825083,022868670
606,Person_606,1984-10-29,0965478034,028265406
607,Person_607,1984-11-13,0922831595,025813673
608,Person_608,1984-11-28,0985524262,025755469
609,Person_609,1984-12-13,0987189210,028551989
610,Person_610,1984-12-28,0910448345,025335702
611,Person_611,1985-01-12,0986246546,028974411
612,Person_612,1985-01-27,0984936358,023962732
613,Person_613,1985-02-11,0925814828,022992825
614,Person_614,1985-02-26,0958763532,024832978
615,Person_615,1985-03-13,0948538877,027152941
616,Person_616,1985-03-28,0983851335,025115811
617,Person_617,1985-04-12,0954196734,029983212
618,Person_618,1985-04-27,0999630668,024174108
619,Person_619,1985-05-12,0990558427,023731638
620,Person_620,1985-05-27,0948503931,021264500
621,Person_621,1985-06-11,0929164528,023976031
622,Person_622,1985-06-26,0997580056,027512427
623,Person_623,1985-07-11,0930812709,023903633
624,Person_624,1985-07-26,0999589817,026711813
625,Person_625,1985-08-10,0962203051,022940369
626,Person_626,1985-08-25,0949301804,024948242
627,Person_627,1985-09-09,0914848287,029127125
628,Person_628,1985-09-24,0961152700,022217060
629,Person_629,1985-10-09,0953750190,022031519
630,Person_630,1985-10-24,0979334164,025678714
631,Person_631,1985-11-08,0962187215,029109698
632,Person_632,1985-11-23,0988998740,022390281
633,Person_633,1985-12-08,0965257851,024941106
634,Person_634,1985-12-23,0958518372,023322466
635,Person_635,1986-01-07,0922842659,028778748
636,Person_636,1986-01-22,0943978002,029099932
637,Person_637,1986-02-06,0912373139,022851317
638,Person_638,1986-02-21,0965553464,022946830
639,Person_639,1986-03-08,0952801198,023614150
640,Person_640,1986-03-23,0928892008,028238987
641,Person_641,1986-04-07,0945427853,025660061
642,Person_642,1986-04-22,0966882318,023605214
643,Person_643,1986-05-07,0983190814,028923641
644,Person_644,1986-05-22,0920986868,023229180
645,Person_645,1986-06-06,0950480309,025188891
646,Person_646,1986-06-21,0949521538,025031419
647,Person_647,1986-07-06,0988815702,025495511
648,Person_648,1986-07-21,0970972984,022424945
649,Person_649,1986-08-05,0948673354,023363999
650,Person_650,1986-08-20,0965454431,025790691
651,Person_651,1986-09-04,0975557447,029807673
652,Person_652,1986-09-19,0993845477,025225889
653,Person_653,1986-10-04,0987982667,024092195
654,Person_654,1986-10-19,0965860631,021289102
655,Person_655,1986-11-03,0967681017,025443778
656,Person_656,1986-11-18,0912667867,029043756
657,Person_657,1986-12-03,0966987271,025162065
658,Person_658,1986-12-18,0951241273,021260116
659,Person_659,1987-01-02,0955718843,027086368
660,Person_660,1987-01-17,0978452891,025214279
661,Person_661,1987-02-01,0975432283,022257949
662,Person_662,1987-02-16,0981275364,028537165
663,Person_663,1987-03-03,0934244264,024850241
664,Person_664,1987-03-18,0952734307,026538166
665,Person_665,1987-04-02,0984993343,021388076
666,Person_666,1987-04-17,0977606426,025884797
667,Person_667,1987-05-02,0955791733,026540070
668,Person_668,1987-05-17,0914578238,027491878
669,Person_669,1987-06-01,0930814992,022960826
670,Person_670,1987-06-16,0931288948,023844664
671,Person_671,1987-07-01,0915562067,023613275
672,Person_672,1987-07-16,0948791628,022378369
673,Person_673,1987-07-31,0937345820,023090212
674,Person_674,1987-08-15,0945154828,026230852
675,Person_675,1987-08-30,0930088365,025171774
676,Person_676,1987-09-14,0968842658,021152999
677,Person_677,1987-09-29,0953109628,025542923
678,Person_678,1987-10-14,0923021573,029449975
679,Person_679,1987-10-29,0962827729,025600108
680,Person_680,1987-11-13,0954620658,023854190
681,Person_681,1987-11-28,0939933823,022284382
682,Person_682,1987-12-13,0990155332,028196042
683,Person_683,1987-12-28,0994461358,024853321
684,Person_684,1988-01-12,0965519128,023654837
685,Person_685,1988-01-27,0961509697,028684365
686,Person_686,1988-02-11,0996966281,022042377
687,Person_687,1988-02-26,0917136029,025577033
688,Person_688,1988-03-12,0997350522,027105931
689,Person_689,1988-03-27,0969994988,024257181
690,Person_690,1988-04-11,0946869124,026262696
691,Person_691,1988-04-26,0931496823,026154048
692,Person_692,1988-05-11,0916285088,021923780
693,Person_693,1988-05-26,0959907857,029361735
694,Person_694,1988-06-10,0989569119,022942811
695,Person_695,1988-06-25,0981021806,027507640
696,Person_696,1988-07-10,0917468810,021298090
697,Person_697,1988-07-25,0911635156,029705956
698,Person_698,1988-08-09,0935301054,026425838
699,Person_699,1988-08-24,0987264088,029480932
700,Person_700,1988-09-08,0915001045,023320688
701,Person_701,1988-09-22,0981572282,022805808
702,Person_702,1988-10-07,0938267184,025220459
703,Person_703,1988-10-22,0914345760,025536119
704,Person_704,1988-11-06,0933930984,025015470
705,Person_705,1988-11-21,0946805730,025654798
706,Person_706,1988-12-06,0948019582,024622138
707,Person_707,1988-12-21,0968720660,021937841
708,Person_708,1989-01-05,0965229238,029061896
709,Person_709,1989-01-20,0928100699,023843940
710,Person_710,1989-02-04,0911722320,024932441
711,Person_711,1989-02-19,0923298372,022207068
712,Person_712,1989-03-06,0939702914,025364406
713,Person_713,1989-03-21,0991550308,029782882
714,Person_714,1989-04-05,0941657524,022386980
715,Person_715,1989-04-20,0941206052,022208052
716,Person_716,1989-05-05,0940413513,028500960
717,Person_717,1989-05-20,0935329097,024040267
718,Person_718,1989-06-04,0922243026,022180887
719,Person_719,1989-06-19,0966024141,025439850
720,Person_720,1989-07-04,0985356616,028536765
721,Person_721,1989-07-19,0927864557,022896220
722,Person_722,1989-08-03,0916195200,024138744
723,Person_723,1989-08-18,0981086130,029535078
724,Person_724,1989-09-02,0963363404,027935774
725,Person_725,1989-09-17,0994729603,022367223
726,Person_726,1989-10-02,0952489277,023428081
727,Person_727,1989-10-17,0923832640,025273445
728,Person_728,1989-11-01,0976360176,024184790
729,Person_729,1989-11-16,0940061031,027681935
730,Person_730,1989-12-01,0977201057,027689142
731,Person_731,1989-12-16,0971902171,025990961
732,Person_732,1989-12-31,0990197726,024646804
733,Person_733,1990-01-15,0995072967,021647296
734,Person_734,1990-01-30,0975812633,022549302
735,Person_735,1990-02-14,0997220897,024122951
736,Person_736,1990-03-01,0942043445,021800101
737,Person_737,1990-03-16,0991052418,025100612
738,Person_738,1990-03-31,0996601594,026877845
739,Person_739,1990-04-15,0946213003,027014126
740,Person_740,1990-04-30,0926689088,026238561
741,Person_741,1990-05-15,0998720437,027339776
742,Person_742,1990-05-30,0917102173,029885366
743,Person_743,1990-06-14,0955388538,029121757
744,Person_744,1990-06-29,0948720111,025642929
745,Person_745,1990-07-14,0958515838,029417233
746,Person_746,1990-07-29,0971356950,023833552
747,Person_747,1990-08-13,0932064334,028376519
748,Person_748,1990-08-28,0924681316,026701934
749,Person_749,1990-09-12,0971681549,022276647
750,Person_750,1990-09-27,0981209537,026416775
751,Person_751,1990-10-12,0958840101,029704813
752,Person_752,1990-10-27,0972468859,024045315
753,Person_753,1990-11-11,0960305761,024144480
754,Person_754,1990-11-26,0939367077,024570834
755,Person_755,1990-12-11,0971580593,025828761
756,Person_756,1990-12-26,0960011985,024940285
757,Person_757,1991-01-10,0984062621,027851803
758,Person_758,1991-01-25,0942843745,026742533
759,Person_759,1991-02-09,0929350835,028324222
760,Person_760,1991-02-24,0979562616,023627144
761,Person_761,1991-03-11,0970084389,023825896
762,Person_762,1991-03-26,0967597408,025936792
763,Person_763,1991-04-10,0920320855,025876872
764,Person_764,1991-04-25,0928130254,023739956
765,Person_765,1991-05-10,0981766557,023619980
766,Person_766,1991-05-25,0989945266,021721384
767,Person_767,1991-06-09,0953558992,029908385
768,Person_768,1991-06-24,0961628164,028716220
769,Person_769,1991-07-09,0975377052,023887698
770,Person_770,1991-07-24,0997349431,023432593
771,Person_771,1991-08-08,0991251088,025031464
772,Person_772,1991-08-23,0945409403,024390742
773,Person_773,1991-09-07,0926045907,029545106
774,Person_774,1991-09-22,0972754884,028357804
775,Person_775,1991-10-07,0958458273,027133066
776,Person_776,1991-10-22,0925734209,023887296
777,Person_777,1991-11-06,0979800140,027529845
778,Person_778,1991-11-21,0946081386,023736582
779,Person_779,1991-12-06,0983658410,028956056
780,Person_780,1991-12-21,0967395058,022100500
781,Person_781,1992-01-05,0935827438,022576590
782,Person_782,1992-01-20,0926663288,026594176
783,Person_783,1992-02-04,0923081782,022961977
784,Person_784,1992-02-19,0969387253,028049926
785,Person_785,1992-03-05,0953669391,025032654
786,Person_786,1992-03-20,0978181511,021664468
787,Person_787,1992-04-04,0948660995,027500242
788,Person_788,1992-04-19,0918234679,028899963
789,Person_789,1992-05-04,0933240984,027978140
790,Person_790,1992-05-19,0932383810,024037099
791,Person_791,1992-06-03,0975438362,025828426
792,Person_792,1992-06-18,0958566364,029100706
793,Person_793,1992-07-03,0928727583,023042823
794,Person_794,1992-07-18,0979019569,022048173
795,Person_795,1992-08-02,0945156028,029379341
796,Person_796,1992-08-17,0930568697,027579137
797,Person_797,1992-09-01,0931900338,022912584
798,Person_798,1992-09-16,0951311634,024777538
799,Person_799,1992-10-01,0949902996,021225049
800,Person_800,1992-10-16,0964481924,021747419
801,Person_801,1992-10-30,0915723601,026438684
802,Person_802,1992-11-14,0926618153,027030489
803,Person_803,1992-11-29,0999165628,026537803
804,Person_804,1992-12-14,0912382357,023380932
805,Person_805,1992-12-29,0985012933,022654753
806,Person_806,1993-01-13,0923630084,029793380
807,Person_807,1993-01-28,0962576779,021571107
808,Person_808,1993-02-12,0990890201,023086213
809,Person_809,1993-02-27,0992537517,024358509
810,Person_810,1993-03-14,0998132129,023779499
811,Person_811,1993-03-29,0926099248,028313834
812,Person_812,1993-04-13,0924677069,029937492
813,Person_813,1993-04-28,0985589337,022999254
814,Person_814,1993-05-13,0922433196,026044842
815,Person_815,1993-05-28,0949010202,025156532
816,Person_816,1993-06-12,0944626632,027592910
817,Person_817,1993-06-27,0987998328,026561112
818,Person_818,1993-07-12,0963237806,026382858
819,Person_819,1993-07-27,0922457080,026017650
820,Person_820,1993-08-11,0911222869,028188238
821,Person_821,1993-08-26,0992716910,028909699
822,Person_822,1993-09-10,0960066487,024617556
823,Person_823,1993-09-25,0913125354,021258517
824,Person_824,1993-10-10,0972802750,027428540
825,Person_825,1993-10-25,0919818159,021705475
826,Person_826,1993-11-09,0921145552,025338843
827,Person_827,1993-11-24,0925152994,021424226
828,Person_828,1993-12-09,0985191987,025117923
829,Person_829,1993-12-24,0932937902,026613201
830,Person_830,1994-01-08,0986415031,027303745
831,Person_831,1994-01-23,0977744469,021698956
832,Person_832,1994-02-07,0984588685,024403096
833,Person_833,1994-02-22,0952758171,027278602
834,Person_834,1994-03-09,0910067661,027143326
835,Person_835,1994-03-24,0917585153,021175211
836,Person_836,1994-04-08,0933335437,028519817
837,Person_837,1994-04-23,0920466615,028412620
838,Person_838,1994-05-08,0944861938,025257950
839,Person_839,1994-05-23,0996787694,029654406
840,Person_840,1994-06-07,0912966422,027048055
841,Person_841,1994-06-22,0960154221,022883376
842,Person_842,1994-07-07,0913708654,024891113
843,Person_843,1994-07-22,0967647084,028020988
844,Person_844,1994-08-06,0952573305,029544291
845,Person_845,1994-08-21,0954653349,025730741
846,Person_846,1994-09-05,0915872354,026605126
847,Person_847,1994-09-20,0957756479,022906039
848,Person_848,1994-10-05,0992649048,022455465
849,Person_849,1994-10-20,0990123510,021211830
850,Person_850,1994-11-04,0919810404,026439381
851,Person_851,1994-11-19,0996205129,026987029
852,Person_852,1994-12-04,0916292518,027516616
853,Person_853,1994-12-19,0951142200,024329049
854,Person_854,1995-01-03,0974413145,025755976
855,Person_855,1995-01-18,0927547389,029910606
856,Person_856,1995-02-02,0972132760,027897673
857,Person_857,1995-02-17,0976689168,024746169
858,Person_858,1995-03-04,0932419480,027002296
859,Person_859,1995-03-19,0958766345,021075388
860,Person_860,1995-04-03,0944021442,027810183
861,Person_861,1995-04-18,0956523537,022775767
862,Person_862,1995-05-03,0935153646,028983823
863,Person_863,1995-05-18,0987620693,029373296
864,Person_864,1995-06-02,0918411883,028467866
865,Person_865,1995-06-17,0921082322,026494339
866,Person_866,1995-07-02,0926203305,026877809
867,Person_867,1995-07-17,0920848680,027396567
868,Person_868,1995-08-01,0993031557,029002619
869,Person_869,1995-08-16,0999838873,025021080
870,Person_870,1995-08-31,0969292991,028667857
871,Person_871,1995-09-15,0945555041,025428690
872,Person_872,1995-09-30,0963028791,026439433
873,Person_873,1995-10-15,0986301164,029889782
874,Person_874,1995-10-30,0986658629,023881777
875,Person_875,1995-11-14,0961646180,023748996
876,Person_876,1995-11-29,0989357216,021195246
877,Person_877,1995-12-14,0942359860,024696176
878,Person_878,1995-12-29,0944499221,029899691
879,Person_879,1996-01-13,0938272916,022012384
880,Person_880,1996-01-28,0991861231,029143478
881,Person_881,1996-02-12,0929032579,021866964
882,Person_882,1996-02-27,0940354781,029437712
883,Person_883,1996-03-13,0926514877,021863663
884,Person_884,1996-03-28,0983545310,026783182
885,Person_885,1996-04-12,0986165878,027980571
886,Person_886,1996-04-27,0997554946,026334538
887,Person_887,1996-05-12,0988350878,027349449
888,Person_888,1996-05-27,0927810471,022206861
889,Person_889,1996-06-11,0950636644,024119612
890,Person_890,1996-06-26,0968534435,023891005
891,Person_891,1996-07-11,0988550238,025936600
892,Person_892,1996-07-26,0967975251,025736319
893,Person_893,1996-08-10,0913094235,021257681
894,Person_894,1996-08-25,0957870026,029482626
895,Person_895,1996-09-09,0932763342,026629481
896,Person_896,1996-09-24,0929636869,023054780
897,Person_897,1996-10-09,0937132021,028991208
898,Person_898,1996-10-24,0943942384,025423408
899,Person_899,1996-11-08,0972867959,021842186
900,Person_900,1996-11-23,0927807333,026352727
901,Person_901,1996-12-07,0963228466,028116355
902,Person_902,1996-12-22,0945912253,028226585
903,Person_903,1997-01-06,0926263882,026538917
904,Person_904,1997-01-21,0949138695,022124905
905,Person_905,1997-02-05,0943799193,024105958
906,Person_906,1997-02-20,0993721515,026559277
907,Person_907,1997-03-07,0985495044,024258084
908,Person_908,1997-03-22,0958014453,029593059
909,Person_909,1997-04-06,0992405138,022980290
910,Person_910,1997-04-21,0961569363,021403322
911,Person_911,1997-05-06,0942686304,025310796
912,Person_912,1997-05-21,0985149843,026181057
913,Person_913,1997-06-05,0994740096,028017403
914,Person_914,1997-06-20,0982456281,025077716
915,Person_915,1997-07-05,0986362381,027941447
916,Person_916,1997-07-20,0941699263,026037285
917,Person_917,1997-08-04,0990480036,022908802
918,Person_918,1997-08-19,0936216317,028334901
919,Person_919,1997-09-03,0963215075,022548075
920,Person_920,1997-09-18,0944970444,021493948
921,Person_921,1997-10-03,0915752810,025168962
922,Person_922,1997-10-18,0910571650,027520645
923,Person_923,1997-11-02,0998362656,027689921
924,Person_924,1997-11-17,0982017911,029383190
925,Person_925,1997-12-02,0950435721,028228161
926,Person_926,1997-12-17,0984531076,021780641
927,Person_927,1998-01-01,0913757974,025466134
928,Person_928,1998-01-16,0985900553,022554205
929,Person_929,1998-01-31,0971119361,027606963
930,Person_930,1998-02-15,0952321932,027651143
931,Person_931,1998-03-02,0929931456,023551331
932,Person_932,1998-03-17,0969376958,024127748
933,Person_933,1998-04-01,0921643208,025001070
934,Person_934,1998-04-16,0953928336,028365624
935,Person_935,1998-05-01,0918112074,023883791
936,Person_936,1998-05-16,0928967438,024496605
937,Person_937,1998-05-31,0922138391,025948600
938,Person_938,1998-06-15,0963050917,027416438
939,Person_939,1998-06-30,0934012790,026311499
940,Person_940,1998-07-15,0966004002,021308623
941,Person_941,1998-07-30,0931982813,024647371
942,Person_942,1998-08-14,0965616606,024296903
943,Person_943,1998-08-29,0939967940,026998223
944,Person_944,1998-09-13,0987822269,022147116
945,Person_945,1998-09-28,0919742257,024772763
946,Person_946,1998-10-13,0962044151,027478450
947,Person_947,1998-10-28,0913609736,021310375
948,Person_948,1998-11-12,0985169697,023126453
949,Person_949,1998-11-27,0928161634,022271300
950,Person_950,1998-12-12,0927163810,026238631
951,Person_951,1998-12-27,0996755840,024842411
952,Person_952,1999-01-11,0922225855,027310208
953,Person_953,1999-01-26,0961424149,027127764
954,Person_954,1999-02-10,0982347195,026859046
955,Person_955,1999-02-25,0911135964,027034207
956,Person_956,1999-03-12,0973446855,028940879
957,Person_957,1999-03-27,0976318090,024341861
958,Person_958,1999-04-11,0970203880,028359201
959,Person_959,1999-04-26,0912155748,023615804
960,Person_960,1999-05-11,0970676365,025312717
961,Person_961,1999-05-26,0988542651,022982243
962,Person_962,1999-06-10,0941808285,024413654
963,Person_963,1999-06-25,0964256930,026986417
964,Person_964,1999-07-10,0944427604,028863020
965,Person_965,1999-07-25,0918910852,024270209
966,Person_966,1999-08-09,0982764242,029604008
967,Person_967,1999-08-24,0948428026,028323988
968,Person_968,1999-09-08,0947617741,024324664
969,Person_969,1999-09-23,0916941245,029210880
970,Person_970,1999-10-08,0974770179,024594058
971,Person_971,1999-10-23,0925876696,025584258
972,Person_972,1999-11-07,0919451244,029117654
973,Person_973,1999-11-22,0984926168,025212377
974,Person_974,1999-12-07,0927606951,021233782
975,Person_975,1999-12-22,0972056263,027906117
976,Person_976,2000-01-06,0917021862,027112674
977,Person_977,2000-01-21,0918351245,025809109
978,Person_978,2000-02-05,0996448549,024735466
979,Person_979,2000-02-20,0946640608,022583246
980,Person_980,2000-03-06,0915345854,021726331
981,Person_981,2000-03-21,0921683982,022794291
982,Person_982,2000-04-05,0974365536,027353385
983,Person_983,2000-04-20,0967821848,025952075
984,Person_984,2000-05-05,0959875088,024898606
985,Person_985,2000-05-20,0980790126,023878117
986,Person_986,2000-06-04,0948187510,025481617
987,Person_987,2000-06-19,0912609089,028374626
988,Person_988,2000-07-04,0962840397,026287913
989,Person_989,2000-07-19,0927691444,024733149
990,Person_990,2000-08-03,0910953959,026316741
991,Person_991,2000-08-18,0954132455,023804802
992,Person_992,2000-09-02,0959818662,025157263
993,Person_993,2000-09-17,0920016389,025488198
994,Person_994,2000-10-02,0997255618,023733460
995,Person_995,2000-10-17,0921630982,028084609
996,Person_996,2000-11-01,0960676914,027216538
997,Person_997,2000-11-16,0936704425,025115362
998,Person_998,2000-12-01,0971298111,022252557
999,Person_999,2000-12-16,0955014515,022490687
1000,Person_1000,2000-12-31,0964869006,025057025
